date,close,position,strategy_return,baseline_return,strategy_equity,baseline_equity
2021-01-01,100.386405,0.0,0.0,0.0,1.0,1.0
2021-01-04,99.161217,0.0,-0.0,-0.012205,1.0,0.987795
2021-01-05,100.078252,0.0,0.0,0.009248,1.0,0.99693
2021-01-06,101.234456,0.0,0.0,0.011553,1.0,1.008448
2021-01-07,98.911623,0.0,-0.0,-0.022945,1.0,0.985309
2021-01-08,97.397505,0.0,-0.0,-0.015308,1.0,0.970226
2021-01-11,97.566547,0.0,0.0,0.001736,1.0,0.97191
2021-01-12,97.216434,0.0,-0.0,-0.003588,1.0,0.968422
2021-01-13,97.216277,0.0,-0.0,-2e-06,1.0,0.968421
2021-01-14,96.245443,0.0,-0.0,-0.009986,1.0,0.95875
2021-01-15,97.285933,0.0,0.0,0.010811,1.0,0.969115
2021-01-18,98.217844,0.0,0.0,0.009579,1.0,0.978398
2021-01-19,98.31536,0.0,0.0,0.000993,1.0,0.979369
2021-01-20,99.67423,0.0,0.0,0.013822,1.0,0.992906
2021-01-21,100.255034,0.0,0.0,0.005827,1.0,0.998691
2021-01-22,99.246413,0.0,-0.0,-0.010061,1.0,0.988644
2021-01-25,99.706491,0.0,0.0,0.004636,1.0,0.993227
2021-01-26,98.5855,0.0,-0.0,-0.011243,1.0,0.98206
2021-01-27,99.650154,0.0,0.0,0.010799,1.0,0.992666
2021-01-28,99.610391,0.0,-0.0,-0.000399,1.0,0.99227
2021-01-29,99.409545,0.0,-0.0,-0.002016,1.0,0.990269
2021-02-01,98.620286,0.0,-0.0,-0.007939,1.0,0.982407
2021-02-02,100.097777,0.0,0.0,0.014982,1.0,0.997125
2021-02-03,99.932317,0.0,-0.0,-0.001653,1.0,0.995477
2021-02-04,99.439875,0.0,-0.0,-0.004928,1.0,0.990571
2021-02-05,99.040374,0.0,-0.0,-0.004018,1.0,0.986592
2021-02-08,99.694977,0.0,0.0,0.006609,1.0,0.993112
2021-02-09,100.153161,0.0,0.0,0.004596,1.0,0.997677
2021-02-10,100.670561,0.0,0.0,0.005166,1.0,1.002831
2021-02-11,101.212601,0.0,0.0,0.005384,1.0,1.00823
2021-02-12,103.868226,0.0,0.0,0.026238,1.0,1.034684
2021-02-15,103.383571,0.0,-0.0,-0.004666,1.0,1.029856
2021-02-16,102.770582,0.0,-0.0,-0.005929,1.0,1.02375
2021-02-17,101.79224,0.0,-0.0,-0.00952,1.0,1.014004
2021-02-18,102.567963,0.0,0.0,0.007621,1.0,1.021732
2021-02-19,103.98777,0.0,0.0,0.013843,1.0,1.035875
2021-02-22,103.866449,0.0,-0.0,-0.001167,1.0,1.034666
2021-02-23,102.845108,0.0,-0.0,-0.009833,1.0,1.024492
2021-02-24,101.852967,0.0,-0.0,-0.009647,1.0,1.014609
2021-02-25,102.671789,0.0,0.0,0.008039,1.0,1.022766
2021-02-26,103.61234,1.0,0.008161,0.009161,1.008161,1.032135
2021-03-01,104.310736,1.0,0.00674,0.00674,1.014956,1.039092
2021-03-02,103.501714,1.0,-0.007756,-0.007756,1.007084,1.031033
2021-03-03,103.811225,1.0,0.00299,0.00299,1.010096,1.034116
2021-03-04,103.97748,1.0,0.001602,0.001602,1.011714,1.035773
2021-03-05,104.271555,1.0,0.002828,0.002828,1.014575,1.038702
2021-03-08,105.388734,1.0,0.010714,0.010714,1.025445,1.049831
2021-03-09,105.693024,1.0,0.002887,0.002887,1.028406,1.052862
2021-03-10,106.578932,1.0,0.008382,0.008382,1.037026,1.061687
2021-03-11,106.686732,1.0,0.001011,0.001011,1.038075,1.062761
2021-03-12,107.078931,1.0,0.003676,0.003676,1.041891,1.066668
2021-03-15,107.914764,1.0,0.007806,0.007806,1.050024,1.074994
2021-03-16,106.065394,1.0,-0.017137,-0.017137,1.032029,1.056571
2021-03-17,105.680434,1.0,-0.003629,-0.003629,1.028284,1.052737
2021-03-18,105.106624,1.0,-0.00543,-0.00543,1.0227,1.04702
2021-03-19,104.324764,1.0,-0.007439,-0.007439,1.015093,1.039232
2021-03-22,104.001681,1.0,-0.003097,-0.003097,1.011949,1.036014
2021-03-23,105.905412,1.0,0.018305,0.018305,1.030473,1.054978
2021-03-24,104.831718,1.0,-0.010138,-0.010138,1.020025,1.044282
2021-03-25,106.078111,1.0,0.011889,0.011889,1.032153,1.056698
2021-03-26,103.978202,1.0,-0.019796,-0.019796,1.011721,1.03578
2021-03-29,103.581906,1.0,-0.003811,-0.003811,1.007865,1.031832
2021-03-30,103.805162,1.0,0.002155,0.002155,1.010037,1.034056
2021-03-31,104.558881,1.0,0.007261,0.007261,1.017371,1.041564
2021-04-01,105.476174,1.0,0.008773,0.008773,1.026296,1.050702
2021-04-02,106.506419,1.0,0.009768,0.009768,1.03632,1.060965
2021-04-05,106.082867,1.0,-0.003977,-0.003977,1.032199,1.056745
2021-04-06,105.517027,1.0,-0.005334,-0.005334,1.026694,1.051109
2021-04-07,106.630335,1.0,0.010551,0.010551,1.037526,1.062199
2021-04-08,106.407109,1.0,-0.002093,-0.002093,1.035354,1.059975
2021-04-09,104.811569,1.0,-0.014995,-0.014995,1.019829,1.044081
2021-04-12,103.416519,1.0,-0.01331,-0.01331,1.006255,1.030185
2021-04-13,102.30221,1.0,-0.010775,-0.010775,0.995413,1.019084
2021-04-14,102.934947,1.0,0.006185,0.006185,1.00157,1.025387
2021-04-15,103.131649,1.0,0.001911,0.001911,1.003484,1.027347
2021-04-16,104.01053,1.0,0.008522,0.008522,1.012035,1.036102
2021-04-19,103.499327,1.0,-0.004915,-0.004915,1.007061,1.031009
2021-04-20,103.717161,1.0,0.002105,0.002105,1.009181,1.033179
2021-04-21,104.519606,1.0,0.007737,0.007737,1.016989,1.041173
2021-04-22,104.153161,1.0,-0.003506,-0.003506,1.013423,1.037523
2021-04-23,104.74657,1.0,0.005697,0.005697,1.019197,1.043434
2021-04-26,103.938638,0.0,-0.001,-0.007713,1.018178,1.035386
2021-04-27,103.507498,0.0,-0.0,-0.004148,1.018178,1.031091
2021-04-28,103.055039,0.0,-0.0,-0.004371,1.018178,1.026584
2021-04-29,101.607071,0.0,-0.0,-0.01405,1.018178,1.01216
2021-04-30,102.22301,0.0,0.0,0.006062,1.018178,1.018295
2021-05-03,101.669156,0.0,-0.0,-0.005418,1.018178,1.012778
2021-05-04,101.704739,0.0,0.0,0.00035,1.018178,1.013133
2021-05-05,102.313626,0.0,0.0,0.005987,1.018178,1.019198
2021-05-06,102.883907,0.0,0.0,0.005574,1.018178,1.024879
2021-05-07,103.729428,0.0,0.0,0.008218,1.018178,1.033302
2021-05-10,103.627634,0.0,-0.0,-0.000981,1.018178,1.032288
2021-05-11,103.123206,0.0,-0.0,-0.004868,1.018178,1.027263
2021-05-12,103.045211,0.0,-0.0,-0.000756,1.018178,1.026486
2021-05-13,100.999929,0.0,-0.0,-0.019848,1.018178,1.006112
2021-05-14,99.281025,0.0,-0.0,-0.017019,1.018178,0.988989
2021-05-17,97.737183,0.0,-0.0,-0.01555,1.018178,0.97361
2021-05-18,96.593853,0.0,-0.0,-0.011698,1.018178,0.96222
2021-05-19,97.077769,0.0,0.0,0.00501,1.018178,0.967041
2021-05-20,96.047864,0.0,-0.0,-0.010609,1.018178,0.956782
2021-05-21,95.632116,0.0,-0.0,-0.004329,1.018178,0.95264
2021-05-24,97.154203,0.0,0.0,0.015916,1.018178,0.967802
2021-05-25,96.759089,0.0,-0.0,-0.004067,1.018178,0.963866
2021-05-26,97.638752,0.0,0.0,0.009091,1.018178,0.972629
2021-05-27,96.570281,0.0,-0.0,-0.010943,1.018178,0.961986
2021-05-28,96.351773,0.0,-0.0,-0.002263,1.018178,0.959809
2021-05-31,95.278629,0.0,-0.0,-0.011138,1.018178,0.949119
2021-06-01,94.910765,0.0,-0.0,-0.003861,1.018178,0.945454
2021-06-02,95.891835,0.0,0.0,0.010337,1.018178,0.955227
2021-06-03,93.943448,0.0,-0.0,-0.020319,1.018178,0.935818
2021-06-04,94.453351,0.0,0.0,0.005428,1.018178,0.940898
2021-06-07,94.742141,0.0,0.0,0.003057,1.018178,0.943775
2021-06-08,94.087867,0.0,-0.0,-0.006906,1.018178,0.937257
2021-06-09,92.487769,0.0,-0.0,-0.017006,1.018178,0.921318
2021-06-10,92.586372,0.0,0.0,0.001066,1.018178,0.9223
2021-06-11,92.018353,0.0,-0.0,-0.006135,1.018178,0.916642
2021-06-14,92.294095,0.0,0.0,0.002997,1.018178,0.919388
2021-06-15,92.336765,0.0,0.0,0.000462,1.018178,0.919813
2021-06-16,94.147597,0.0,0.0,0.019611,1.018178,0.937852
2021-06-17,93.896346,0.0,-0.0,-0.002669,1.018178,0.935349
2021-06-18,92.768718,0.0,-0.0,-0.012009,1.018178,0.924116
2021-06-21,92.987103,0.0,0.0,0.002354,1.018178,0.926292
2021-06-22,93.251558,0.0,0.0,0.002844,1.018178,0.928926
2021-06-23,94.803944,0.0,0.0,0.016647,1.018178,0.94439
2021-06-24,95.777936,0.0,0.0,0.010274,1.018178,0.954093
2021-06-25,96.20822,0.0,0.0,0.004493,1.018178,0.958379
2021-06-28,97.932106,0.0,0.0,0.017918,1.018178,0.975551
2021-06-29,96.564317,0.0,-0.0,-0.013967,1.018178,0.961926
2021-06-30,95.844996,0.0,-0.0,-0.007449,1.018178,0.954761
2021-07-01,94.804166,0.0,-0.0,-0.01086,1.018178,0.944392
2021-07-02,94.380609,0.0,-0.0,-0.004468,1.018178,0.940173
2021-07-05,92.852796,0.0,-0.0,-0.016188,1.018178,0.924954
2021-07-06,93.581921,0.0,0.0,0.007852,1.018178,0.932217
2021-07-07,93.351369,0.0,-0.0,-0.002464,1.018178,0.92992
2021-07-08,91.736548,0.0,-0.0,-0.017298,1.018178,0.913834
2021-07-09,90.643471,0.0,-0.0,-0.011915,1.018178,0.902946
2021-07-12,91.003328,0.0,0.0,0.00397,1.018178,0.90653
2021-07-13,91.941601,0.0,0.0,0.01031,1.018178,0.915877
2021-07-14,94.190033,0.0,0.0,0.024455,1.018178,0.938275
2021-07-15,97.561283,0.0,0.0,0.035792,1.018178,0.971858
2021-07-16,98.067266,0.0,0.0,0.005186,1.018178,0.976898
2021-07-19,96.929041,0.0,-0.0,-0.011607,1.018178,0.965559
2021-07-20,94.499507,0.0,-0.0,-0.025065,1.018178,0.941358
2021-07-21,94.822541,0.0,0.0,0.003418,1.018178,0.944576
2021-07-22,93.920799,0.0,-0.0,-0.00951,1.018178,0.935593
2021-07-23,93.472528,0.0,-0.0,-0.004773,1.018178,0.931127
2021-07-26,92.807032,1.0,-0.00812,-0.00712,1.00991,0.924498
2021-07-27,92.6689,1.0,-0.001488,-0.001488,1.008407,0.923122
2021-07-28,93.880687,1.0,0.013077,0.013077,1.021594,0.935193
2021-07-29,94.076593,1.0,0.002087,0.002087,1.023726,0.937145
2021-07-30,93.916459,1.0,-0.001702,-0.001702,1.021983,0.93555
2021-08-02,92.775056,1.0,-0.012153,-0.012153,1.009562,0.924179
2021-08-03,90.947427,1.0,-0.0197,-0.0197,0.989675,0.905974
2021-08-04,90.436316,1.0,-0.00562,-0.00562,0.984113,0.900882
2021-08-05,90.396046,1.0,-0.000445,-0.000445,0.983675,0.900481
2021-08-06,92.352769,1.0,0.021646,0.021646,1.004967,0.919973
2021-08-09,92.515757,0.0,-0.001,0.001765,1.003962,0.921596
2021-08-10,93.631967,0.0,0.0,0.012065,1.003962,0.932716
2021-08-11,93.09126,0.0,-0.0,-0.005775,1.003962,0.927329
2021-08-12,91.795289,0.0,-0.0,-0.013922,1.003962,0.91442
2021-08-13,90.756453,0.0,-0.0,-0.011317,1.003962,0.904071
2021-08-16,89.988049,0.0,-0.0,-0.008467,1.003962,0.896417
2021-08-17,92.33456,0.0,0.0,0.026076,1.003962,0.919791
2021-08-18,91.44721,0.0,-0.0,-0.00961,1.003962,0.910952
2021-08-19,92.390461,0.0,0.0,0.010315,1.003962,0.920348
2021-08-20,91.413083,0.0,-0.0,-0.010579,1.003962,0.910612
2021-08-23,92.459202,0.0,0.0,0.011444,1.003962,0.921033
2021-08-24,92.905876,0.0,0.0,0.004831,1.003962,0.925483
2021-08-25,92.749957,1.0,-0.002678,-0.001678,1.001273,0.923929
2021-08-26,92.723143,1.0,-0.000289,-0.000289,1.000984,0.923662
2021-08-27,92.015831,0.0,-0.001,-0.007628,0.999983,0.916616
2021-08-30,92.528204,0.0,0.0,0.005568,0.999983,0.92172
2021-08-31,92.042802,0.0,-0.0,-0.005246,0.999983,0.916885
2021-09-01,90.717151,0.0,-0.0,-0.014403,0.999983,0.90368
2021-09-02,89.354462,0.0,-0.0,-0.015021,0.999983,0.890105
2021-09-03,89.557622,0.0,0.0,0.002274,0.999983,0.892129
2021-09-06,91.289095,0.0,0.0,0.019334,0.999983,0.909377
2021-09-07,91.482824,0.0,0.0,0.002122,0.999983,0.911307
2021-09-08,91.370948,0.0,-0.0,-0.001223,0.999983,0.910192
2021-09-09,91.703219,0.0,0.0,0.003637,0.999983,0.913502
2021-09-10,93.170347,0.0,0.0,0.015999,0.999983,0.928117
2021-09-13,93.434635,0.0,0.0,0.002837,0.999983,0.93075
2021-09-14,92.993628,0.0,-0.0,-0.00472,0.999983,0.926357
2021-09-15,94.255241,0.0,0.0,0.013567,0.999983,0.938924
2021-09-16,94.760392,0.0,0.0,0.005359,0.999983,0.943956
2021-09-17,96.542235,0.0,0.0,0.018804,0.999983,0.961706
2021-09-20,96.7741,0.0,0.0,0.002402,0.999983,0.964016
2021-09-21,95.381608,0.0,-0.0,-0.014389,0.999983,0.950145
2021-09-22,93.847194,0.0,-0.0,-0.016087,0.999983,0.93486
2021-09-23,95.744099,1.0,0.019213,0.020213,1.019195,0.953756
2021-09-24,97.764643,1.0,0.021104,0.021104,1.040704,0.973883
2021-09-27,97.573774,1.0,-0.001952,-0.001952,1.038672,0.971982
2021-09-28,97.145563,1.0,-0.004389,-0.004389,1.034114,0.967716
2021-09-29,98.884039,1.0,0.017896,0.017896,1.05262,0.985034
2021-09-30,97.598614,1.0,-0.012999,-0.012999,1.038937,0.972229
2021-10-01,96.575643,1.0,-0.010481,-0.010481,1.028047,0.962039
2021-10-04,97.343551,1.0,0.007951,0.007951,1.036221,0.969689
2021-10-05,96.903072,1.0,-0.004525,-0.004525,1.031533,0.965301
2021-10-06,96.916498,1.0,0.000139,0.000139,1.031676,0.965434
2021-10-07,96.745948,1.0,-0.00176,-0.00176,1.02986,0.963736
2021-10-08,97.15808,1.0,0.00426,0.00426,1.034247,0.967841
2021-10-11,98.83276,1.0,0.017237,0.017237,1.052074,0.984523
2021-10-12,98.960041,1.0,0.001288,0.001288,1.053429,0.985791
2021-10-13,99.747641,1.0,0.007959,0.007959,1.061813,0.993637
2021-10-14,97.343051,1.0,-0.024107,-0.024107,1.036216,0.969684
2021-10-15,97.305618,1.0,-0.000385,-0.000385,1.035818,0.969311
2021-10-18,96.345237,1.0,-0.00987,-0.00987,1.025594,0.959744
2021-10-19,94.965361,1.0,-0.014322,-0.014322,1.010906,0.945998
2021-10-20,93.988682,1.0,-0.010285,-0.010285,1.000509,0.936269
2021-10-21,93.631315,1.0,-0.003802,-0.003802,0.996705,0.932709
2021-10-22,94.685012,1.0,0.011254,0.011254,1.007921,0.943206
2021-10-25,93.208508,1.0,-0.015594,-0.015594,0.992204,0.928497
2021-10-26,93.261427,1.0,0.000568,0.000568,0.992767,0.929024
2021-10-27,92.739692,1.0,-0.005594,-0.005594,0.987213,0.923827
2021-10-28,92.394225,1.0,-0.003725,-0.003725,0.983536,0.920386
2021-10-29,93.531434,1.0,0.012308,0.012308,0.995642,0.931714
2021-11-01,94.156186,1.0,0.00668,0.00668,1.002292,0.937938
2021-11-02,95.698606,1.0,0.016382,0.016382,1.018711,0.953302
2021-11-03,95.540445,1.0,-0.001653,-0.001653,1.017027,0.951727
2021-11-04,94.764831,1.0,-0.008118,-0.008118,1.008771,0.944001
2021-11-05,94.529509,1.0,-0.002483,-0.002483,1.006266,0.941656
2021-11-08,94.82395,1.0,0.003115,0.003115,1.0094,0.94459
2021-11-09,95.04409,1.0,0.002322,0.002322,1.011744,0.946782
2021-11-10,93.834091,0.0,-0.001,-0.012731,1.010732,0.934729
2021-11-11,93.954828,0.0,0.0,0.001287,1.010732,0.935932
2021-11-12,94.231343,0.0,0.0,0.002943,1.010732,0.938686
2021-11-15,97.140904,0.0,0.0,0.030877,1.010732,0.96767
2021-11-16,99.37342,0.0,0.0,0.022982,1.010732,0.989909
2021-11-17,98.380809,0.0,-0.0,-0.009989,1.010732,0.980021
2021-11-18,98.061728,0.0,-0.0,-0.003243,1.010732,0.976843
2021-11-19,96.373942,0.0,-0.0,-0.017211,1.010732,0.96003
2021-11-22,95.712353,0.0,-0.0,-0.006865,1.010732,0.953439
2021-11-23,96.094744,0.0,0.0,0.003995,1.010732,0.957249
2021-11-24,97.514869,0.0,0.0,0.014778,1.010732,0.971395
2021-11-25,96.684767,0.0,-0.0,-0.008513,1.010732,0.963126
2021-11-26,95.947974,0.0,-0.0,-0.007621,1.010732,0.955787
2021-11-29,93.525922,0.0,-0.0,-0.025243,1.010732,0.931659
2021-11-30,93.362209,0.0,-0.0,-0.00175,1.010732,0.930028
2021-12-01,92.19793,0.0,-0.0,-0.012471,1.010732,0.91843
2021-12-02,91.632352,0.0,-0.0,-0.006134,1.010732,0.912796
2021-12-03,90.691358,0.0,-0.0,-0.010269,1.010732,0.903423
2021-12-06,90.60695,0.0,-0.0,-0.000931,1.010732,0.902582
2021-12-07,88.733561,0.0,-0.0,-0.020676,1.010732,0.88392
2021-12-08,87.202556,0.0,-0.0,-0.017254,1.010732,0.868669
2021-12-09,89.477268,0.0,0.0,0.026085,1.010732,0.891329
2021-12-10,88.123173,1.0,-0.016133,-0.015133,0.994425,0.87784
2021-12-13,86.988342,1.0,-0.012878,-0.012878,0.981619,0.866535
2021-12-14,88.944899,1.0,0.022492,0.022492,1.003698,0.886025
2021-12-15,92.118692,0.0,-0.001,0.035683,1.002695,0.917641
2021-12-16,90.850843,0.0,-0.0,-0.013763,1.002695,0.905011
2021-12-17,90.468352,0.0,-0.0,-0.00421,1.002695,0.901201
2021-12-20,90.858082,0.0,0.0,0.004308,1.002695,0.905084
2021-12-21,92.781116,0.0,0.0,0.021165,1.002695,0.92424
2021-12-22,91.707195,0.0,-0.0,-0.011575,1.002695,0.913542
2021-12-23,91.455956,0.0,-0.0,-0.00274,1.002695,0.911039
2021-12-24,92.331518,0.0,0.0,0.009574,1.002695,0.919761
2021-12-27,92.833053,0.0,0.0,0.005432,1.002695,0.924757
2021-12-28,92.433445,0.0,-0.0,-0.004305,1.002695,0.920777
2021-12-29,92.303587,0.0,-0.0,-0.001405,1.002695,0.919483
2021-12-30,90.811348,0.0,-0.0,-0.016167,1.002695,0.904618
2021-12-31,90.570284,0.0,-0.0,-0.002655,1.002695,0.902217
2022-01-03,90.299283,0.0,-0.0,-0.002992,1.002695,0.899517
2022-01-04,90.569323,0.0,0.0,0.002991,1.002695,0.902207
2022-01-05,89.985777,0.0,-0.0,-0.006443,1.002695,0.896394
2022-01-06,90.514503,0.0,0.0,0.005876,1.002695,0.901661
2022-01-07,91.639526,0.0,0.0,0.012429,1.002695,0.912868
2022-01-10,91.828971,0.0,0.0,0.002067,1.002695,0.914755
2022-01-11,92.235852,0.0,0.0,0.004431,1.002695,0.918808
2022-01-12,92.313166,0.0,0.0,0.000838,1.002695,0.919578
2022-01-13,92.331724,0.0,0.0,0.000201,1.002695,0.919763
2022-01-14,91.554012,0.0,-0.0,-0.008423,1.002695,0.912016
2022-01-17,91.920771,0.0,0.0,0.004006,1.002695,0.91567
2022-01-18,91.831886,0.0,-0.0,-0.000967,1.002695,0.914784
2022-01-19,94.18657,0.0,0.0,0.025641,1.002695,0.93824
2022-01-20,96.000928,0.0,0.0,0.019263,1.002695,0.956314
2022-01-21,96.46575,1.0,0.003842,0.004842,1.006547,0.960944
2022-01-24,95.605594,1.0,-0.008917,-0.008917,0.997572,0.952376
2022-01-25,94.356711,1.0,-0.013063,-0.013063,0.984541,0.939935
2022-01-26,95.734249,1.0,0.014599,0.014599,0.998914,0.953658
2022-01-27,96.055784,1.0,0.003359,0.003359,1.002269,0.95686
2022-01-28,96.630152,1.0,0.00598,0.00598,1.008262,0.962582
2022-01-31,94.647152,1.0,-0.020522,-0.020522,0.987571,0.942828
2022-02-01,95.725532,1.0,0.011394,0.011394,0.998823,0.953571
2022-02-02,96.268205,1.0,0.005669,0.005669,1.004485,0.958977
2022-02-03,95.012924,1.0,-0.013039,-0.013039,0.991388,0.946472
2022-02-04,94.495728,1.0,-0.005443,-0.005443,0.985991,0.94132
2022-02-07,94.814205,1.0,0.00337,0.00337,0.989314,0.944492
2022-02-08,94.892895,1.0,0.00083,0.00083,0.990135,0.945276
2022-02-09,94.579692,1.0,-0.003301,-0.003301,0.986867,0.942156
2022-02-10,94.481205,1.0,-0.001041,-0.001041,0.98584,0.941175
2022-02-11,94.214792,1.0,-0.00282,-0.00282,0.98306,0.938521
2022-02-14,94.406313,1.0,0.002033,0.002033,0.985058,0.940429
2022-02-15,96.107355,1.0,0.018018,0.018018,1.002807,0.957374
2022-02-16,93.211019,1.0,-0.030136,-0.030136,0.972586,0.928522
2022-02-17,92.965062,1.0,-0.002639,-0.002639,0.97002,0.926072
2022-02-18,93.180819,1.0,0.002321,0.002321,0.972271,0.928221
2022-02-21,93.531083,1.0,0.003759,0.003759,0.975926,0.931711
2022-02-22,93.133211,1.0,-0.004254,-0.004254,0.971774,0.927747
2022-02-23,91.208691,1.0,-0.020664,-0.020664,0.951693,0.908576
2022-02-24,91.586706,1.0,0.004145,0.004145,0.955638,0.912342
2022-02-25,93.523649,1.0,0.021149,0.021149,0.975848,0.931637
2022-02-28,91.836332,1.0,-0.018042,-0.018042,0.958242,0.914828
2022-03-01,92.811814,1.0,0.010622,0.010622,0.968421,0.924546
2022-03-02,92.465133,1.0,-0.003735,-0.003735,0.964803,0.921092
2022-03-03,92.415595,1.0,-0.000536,-0.000536,0.964286,0.920599
2022-03-04,91.273542,1.0,-0.012358,-0.012358,0.95237,0.909222
2022-03-07,90.926136,1.0,-0.003806,-0.003806,0.948745,0.905761
2022-03-08,92.374228,1.0,0.015926,0.015926,0.963855,0.920187
2022-03-09,93.040965,1.0,0.007218,0.007218,0.970812,0.926828
2022-03-10,95.01432,0.0,-0.001,0.02121,0.969841,0.946486
2022-03-11,96.385576,0.0,0.0,0.014432,0.969841,0.960146
2022-03-14,96.914157,0.0,0.0,0.005484,0.969841,0.965411
2022-03-15,98.983465,0.0,0.0,0.021352,0.969841,0.986025
2022-03-16,99.526181,0.0,0.0,0.005483,0.969841,0.991431
2022-03-17,100.540094,0.0,0.0,0.010187,0.969841,1.001531
2022-03-18,100.202961,0.0,-0.0,-0.003353,0.969841,0.998173
2022-03-21,100.303069,0.0,0.0,0.000999,0.969841,0.99917
2022-03-22,99.487022,0.0,-0.0,-0.008136,0.969841,0.991041
2022-03-23,100.695611,0.0,0.0,0.012148,0.969841,1.00308
2022-03-24,99.301688,0.0,-0.0,-0.013843,0.969841,0.989195
2022-03-25,100.258392,0.0,0.0,0.009634,0.969841,0.998725
2022-03-28,100.04929,1.0,-0.003086,-0.002086,0.966848,0.996642
2022-03-29,101.485702,1.0,0.014357,0.014357,0.980729,1.010951
2022-03-30,102.424747,1.0,0.009253,0.009253,0.989804,1.020305
2022-03-31,104.708061,1.0,0.022293,0.022293,1.011869,1.04305
2022-04-01,105.651443,1.0,0.00901,0.00901,1.020986,1.052448
2022-04-04,103.697802,1.0,-0.018491,-0.018491,1.002107,1.032987
2022-04-05,103.635246,1.0,-0.000603,-0.000603,1.001502,1.032363
2022-04-06,102.208352,1.0,-0.013768,-0.013768,0.987713,1.018149
2022-04-07,101.594971,1.0,-0.006001,-0.006001,0.981785,1.012039
2022-04-08,103.47487,1.0,0.018504,0.018504,0.999952,1.030766
2022-04-11,104.290386,1.0,0.007881,0.007881,1.007833,1.03889
2022-04-12,103.44003,1.0,-0.008154,-0.008154,0.999615,1.030419
2022-04-13,102.209784,1.0,-0.011893,-0.011893,0.987727,1.018164
2022-04-14,102.270452,1.0,0.000594,0.000594,0.988313,1.018768
2022-04-15,100.808439,1.0,-0.014296,-0.014296,0.974185,1.004204
2022-04-18,100.019823,1.0,-0.007823,-0.007823,0.966564,0.996348
2022-04-19,100.415091,1.0,0.003952,0.003952,0.970383,1.000286
2022-04-20,101.83728,1.0,0.014163,0.014163,0.984127,1.014453
2022-04-21,102.604459,1.0,0.007533,0.007533,0.991541,1.022095
2022-04-22,99.841698,1.0,-0.026926,-0.026926,0.964842,0.994574
2022-04-25,100.22707,1.0,0.00386,0.00386,0.968566,0.998413
2022-04-26,100.333809,1.0,0.001065,0.001065,0.969598,0.999476
2022-04-27,100.853544,1.0,0.00518,0.00518,0.97462,1.004653
2022-04-28,102.849208,1.0,0.019788,0.019788,0.993906,1.024533
2022-04-29,100.354113,1.0,-0.02426,-0.02426,0.969794,0.999678
2022-05-02,99.664726,1.0,-0.00687,-0.00687,0.963132,0.992811
2022-05-03,100.394025,1.0,0.007318,0.007318,0.97018,1.000076
2022-05-04,98.526304,1.0,-0.018604,-0.018604,0.952131,0.981471
2022-05-05,100.306946,1.0,0.018073,0.018073,0.969338,0.999208
2022-05-06,100.771465,1.0,0.004631,0.004631,0.973827,1.003836
2022-05-09,101.820783,1.0,0.010413,0.010413,0.983968,1.014289
2022-05-10,101.145787,1.0,-0.006629,-0.006629,0.977445,1.007565
2022-05-11,102.15876,1.0,0.010015,0.010015,0.987234,1.017655
2022-05-12,103.497736,1.0,0.013107,0.013107,1.000173,1.030994
2022-05-13,103.808128,1.0,0.002999,0.002999,1.003173,1.034086
2022-05-16,104.121354,1.0,0.003017,0.003017,1.0062,1.037206
2022-05-17,104.480578,0.0,-0.001,0.00345,1.005193,1.040784
2022-05-18,103.424415,0.0,-0.0,-0.010109,1.005193,1.030263
2022-05-19,103.262131,0.0,-0.0,-0.001569,1.005193,1.028647
2022-05-20,103.093923,0.0,-0.0,-0.001629,1.005193,1.026971
2022-05-23,103.590038,0.0,0.0,0.004812,1.005193,1.031913
2022-05-24,104.861356,0.0,0.0,0.012273,1.005193,1.044577
2022-05-25,103.558495,0.0,-0.0,-0.012425,1.005193,1.031599
2022-05-26,103.423946,0.0,-0.0,-0.001299,1.005193,1.030258
2022-05-27,105.30006,0.0,0.0,0.01814,1.005193,1.048947
2022-05-30,104.385516,0.0,-0.0,-0.008685,1.005193,1.039837
2022-05-31,103.381283,0.0,-0.0,-0.00962,1.005193,1.029833
2022-06-01,103.653292,1.0,0.001631,0.002631,1.006833,1.032543
2022-06-02,104.729855,1.0,0.010386,0.010386,1.01729,1.043267
2022-06-03,104.765166,1.0,0.000337,0.000337,1.017633,1.043619
2022-06-06,106.470597,1.0,0.016279,0.016279,1.034199,1.060608
2022-06-07,107.59244,1.0,0.010537,0.010537,1.045096,1.071783
2022-06-08,108.70657,1.0,0.010355,0.010355,1.055918,1.082881
2022-06-09,109.4537,1.0,0.006873,0.006873,1.063175,1.090324
2022-06-10,112.576553,1.0,0.028531,0.028531,1.093509,1.121432
2022-06-13,112.3222,1.0,-0.002259,-0.002259,1.091038,1.118899
2022-06-14,109.675857,1.0,-0.02356,-0.02356,1.065333,1.092537
2022-06-15,111.83005,1.0,0.019641,0.019641,1.086258,1.113996
2022-06-16,111.239765,1.0,-0.005278,-0.005278,1.080524,1.108116
2022-06-17,111.406144,1.0,0.001496,0.001496,1.08214,1.109773
2022-06-20,113.193313,1.0,0.016042,0.016042,1.0995,1.127576
2022-06-21,111.059931,1.0,-0.018847,-0.018847,1.078777,1.106324
2022-06-22,109.426185,1.0,-0.01471,-0.01471,1.062908,1.09005
2022-06-23,107.365068,1.0,-0.018836,-0.018836,1.042887,1.069518
2022-06-24,106.368049,1.0,-0.009286,-0.009286,1.033203,1.059586
2022-06-27,106.952079,1.0,0.005491,0.005491,1.038876,1.065404
2022-06-28,107.648483,1.0,0.006511,0.006511,1.04564,1.072341
2022-06-29,108.027565,1.0,0.003521,0.003521,1.049322,1.076117
2022-06-30,106.232834,1.0,-0.016614,-0.016614,1.031889,1.058239
2022-07-01,103.349039,1.0,-0.027146,-0.027146,1.003878,1.029512
2022-07-04,103.437155,1.0,0.000853,0.000853,1.004734,1.03039
2022-07-05,102.873792,1.0,-0.005446,-0.005446,0.999261,1.024778
2022-07-06,103.463154,1.0,0.005729,0.005729,1.004986,1.030649
2022-07-07,104.359221,1.0,0.008661,0.008661,1.01369,1.039575
2022-07-08,104.553394,1.0,0.001861,0.001861,1.015576,1.041509
2022-07-11,105.532555,1.0,0.009365,0.009365,1.025087,1.051263
2022-07-12,105.844393,1.0,0.002955,0.002955,1.028116,1.05437
2022-07-13,106.541097,1.0,0.006582,0.006582,1.034884,1.06131
2022-07-14,105.665107,1.0,-0.008222,-0.008222,1.026375,1.052584
2022-07-15,105.458698,1.0,-0.001953,-0.001953,1.02437,1.050528
2022-07-18,105.729157,1.0,0.002565,0.002565,1.026997,1.053222
2022-07-19,106.796701,1.0,0.010097,0.010097,1.037366,1.063856
2022-07-20,106.314549,1.0,-0.004515,-0.004515,1.032683,1.059053
2022-07-21,107.002923,1.0,0.006475,0.006475,1.03937,1.06591
2022-07-22,106.683455,1.0,-0.002986,-0.002986,1.036266,1.062728
2022-07-25,106.554392,1.0,-0.00121,-0.00121,1.035013,1.061442
2022-07-26,107.641882,0.0,-0.001,0.010206,1.033978,1.072275
2022-07-27,105.119005,0.0,-0.0,-0.023438,1.033978,1.047144
2022-07-28,103.516955,0.0,-0.0,-0.01524,1.033978,1.031185
2022-07-29,101.712397,0.0,-0.0,-0.017432,1.033978,1.013209
2022-08-01,98.923399,0.0,-0.0,-0.02742,1.033978,0.985426
2022-08-02,98.141138,0.0,-0.0,-0.007908,1.033978,0.977634
2022-08-03,99.04753,0.0,0.0,0.009236,1.033978,0.986663
2022-08-04,98.729247,0.0,-0.0,-0.003213,1.033978,0.983492
2022-08-05,98.983652,0.0,0.0,0.002577,1.033978,0.986026
2022-08-08,100.30598,0.0,0.0,0.013359,1.033978,0.999199
2022-08-09,101.937262,0.0,0.0,0.016263,1.033978,1.015449
2022-08-10,101.873097,0.0,-0.0,-0.000629,1.033978,1.01481
2022-08-11,103.562047,0.0,0.0,0.016579,1.033978,1.031634
2022-08-12,103.697338,0.0,0.0,0.001306,1.033978,1.032982
2022-08-15,102.681059,0.0,-0.0,-0.0098,1.033978,1.022858
2022-08-16,101.971653,0.0,-0.0,-0.006909,1.033978,1.015791
2022-08-17,100.196016,0.0,-0.0,-0.017413,1.033978,0.998103
2022-08-18,99.153665,0.0,-0.0,-0.010403,1.033978,0.98772
2022-08-19,98.748342,0.0,-0.0,-0.004088,1.033978,0.983682
2022-08-22,99.725124,0.0,0.0,0.009892,1.033978,0.993413
2022-08-23,101.826143,0.0,0.0,0.021068,1.033978,1.014342
2022-08-24,100.171197,0.0,-0.0,-0.016253,1.033978,0.997856
2022-08-25,100.664643,0.0,0.0,0.004926,1.033978,1.002772
2022-08-26,99.435391,0.0,-0.0,-0.012211,1.033978,0.990526
2022-08-29,100.023431,0.0,0.0,0.005914,1.033978,0.996384
2022-08-30,99.886189,0.0,-0.0,-0.001372,1.033978,0.995017
2022-08-31,97.73508,0.0,-0.0,-0.021536,1.033978,0.973589
2022-09-01,98.849661,0.0,0.0,0.011404,1.033978,0.984692
2022-09-02,98.154239,0.0,-0.0,-0.007035,1.033978,0.977764
2022-09-05,97.546902,0.0,-0.0,-0.006188,1.033978,0.971714
2022-09-06,96.321955,0.0,-0.0,-0.012558,1.033978,0.959512
2022-09-07,95.58777,0.0,-0.0,-0.007622,1.033978,0.952198
2022-09-08,96.099063,0.0,0.0,0.005349,1.033978,0.957292
2022-09-09,95.900254,0.0,-0.0,-0.002069,1.033978,0.955311
2022-09-12,96.298484,0.0,0.0,0.004153,1.033978,0.959278
2022-09-13,96.736969,0.0,0.0,0.004553,1.033978,0.963646
2022-09-14,98.301922,0.0,0.0,0.016177,1.033978,0.979235
2022-09-15,97.917976,0.0,-0.0,-0.003906,1.033978,0.975411
2022-09-16,96.217172,0.0,-0.0,-0.01737,1.033978,0.958468
2022-09-19,97.476812,0.0,0.0,0.013092,1.033978,0.971016
2022-09-20,97.109253,0.0,-0.0,-0.003771,1.033978,0.967355
2022-09-21,98.43651,0.0,0.0,0.013668,1.033978,0.980576
2022-09-22,98.910193,0.0,0.0,0.004812,1.033978,0.985295
2022-09-23,98.774418,0.0,-0.0,-0.001373,1.033978,0.983942
2022-09-26,99.208526,0.0,0.0,0.004395,1.033978,0.988267
2022-09-27,101.578927,0.0,0.0,0.023893,1.033978,1.011879
2022-09-28,104.163301,0.0,0.0,0.025442,1.033978,1.037624
2022-09-29,104.270913,0.0,0.0,0.001033,1.033978,1.038696
2022-09-30,104.492441,0.0,0.0,0.002125,1.033978,1.040902
2022-10-03,105.871873,0.0,0.0,0.013201,1.033978,1.054644
2022-10-04,104.823888,0.0,-0.0,-0.009899,1.033978,1.044204
2022-10-05,105.264742,0.0,0.0,0.004206,1.033978,1.048596
2022-10-06,105.253126,0.0,-0.0,-0.00011,1.033978,1.04848
2022-10-07,105.671484,0.0,0.0,0.003975,1.033978,1.052647
2022-10-10,104.640917,0.0,-0.0,-0.009753,1.033978,1.042381
2022-10-11,102.684362,0.0,-0.0,-0.018698,1.033978,1.022891
2022-10-12,100.18155,1.0,-0.025374,-0.024374,1.007742,0.997959
2022-10-13,98.866991,1.0,-0.013122,-0.013122,0.994518,0.984864
2022-10-14,98.343979,1.0,-0.00529,-0.00529,0.989257,0.979654
2022-10-17,98.018185,1.0,-0.003313,-0.003313,0.98598,0.976409
2022-10-18,100.34355,1.0,0.023724,0.023724,1.009371,0.999573
2022-10-19,101.704517,1.0,0.013563,0.013563,1.023062,1.01313
2022-10-20,100.55719,1.0,-0.011281,-0.011281,1.01152,1.001701
2022-10-21,100.99784,1.0,0.004382,0.004382,1.015953,1.006091
2022-10-24,100.525777,1.0,-0.004674,-0.004674,1.011204,1.001388
2022-10-25,100.20337,1.0,-0.003207,-0.003207,1.007961,0.998177
2022-10-26,100.446548,1.0,0.002427,0.002427,1.010407,1.000599
2022-10-27,101.215892,1.0,0.007659,0.007659,1.018146,1.008263
2022-10-28,100.824833,1.0,-0.003864,-0.003864,1.014213,1.004367
2022-10-31,102.140662,1.0,0.013051,0.013051,1.027449,1.017475
2022-11-01,100.7707,1.0,-0.013412,-0.013412,1.013668,1.003828
2022-11-02,100.798524,1.0,0.000276,0.000276,1.013948,1.004105
2022-11-03,104.01091,1.0,0.031869,0.031869,1.046262,1.036106
2022-11-04,104.310575,1.0,0.002881,0.002881,1.049276,1.039091
2022-11-07,106.141311,1.0,0.017551,0.017551,1.067692,1.057328
2022-11-08,106.279197,1.0,0.001299,0.001299,1.069079,1.058701
2022-11-09,107.043885,1.0,0.007195,0.007195,1.076771,1.066319
2022-11-10,106.992367,1.0,-0.000481,-0.000481,1.076253,1.065805
2022-11-11,106.79516,1.0,-0.001843,-0.001843,1.074269,1.063841
2022-11-14,105.82204,1.0,-0.009112,-0.009112,1.06448,1.054147
2022-11-15,106.391154,1.0,0.005378,0.005378,1.070205,1.059816
2022-11-16,105.330601,1.0,-0.009968,-0.009968,1.059537,1.049252
2022-11-17,106.196485,1.0,0.008221,0.008221,1.068247,1.057877
2022-11-18,107.610094,0.0,-0.001,0.013311,1.067179,1.071959
2022-11-21,108.106065,0.0,0.0,0.004609,1.067179,1.076899
2022-11-22,107.756908,0.0,-0.0,-0.00323,1.067179,1.073421
2022-11-23,108.367197,0.0,0.0,0.005664,1.067179,1.079501
2022-11-24,107.988134,0.0,-0.0,-0.003498,1.067179,1.075725
2022-11-25,109.229144,0.0,0.0,0.011492,1.067179,1.088087
2022-11-28,106.876188,1.0,-0.022541,-0.021541,1.043123,1.064648
2022-11-29,106.467924,1.0,-0.00382,-0.00382,1.039138,1.060581
2022-11-30,103.975367,1.0,-0.023411,-0.023411,1.014811,1.035751
2022-12-01,102.147034,1.0,-0.017584,-0.017584,0.996966,1.017539
2022-12-02,103.853332,1.0,0.016704,0.016704,1.013619,1.034536
2022-12-05,104.995958,1.0,0.011002,0.011002,1.024772,1.045918
2022-12-06,104.11417,1.0,-0.008398,-0.008398,1.016165,1.037134
2022-12-07,102.274262,1.0,-0.017672,-0.017672,0.998208,1.018806
2022-12-08,98.719619,1.0,-0.034756,-0.034756,0.963514,0.983396
2022-12-09,98.097487,1.0,-0.006302,-0.006302,0.957442,0.977199
2022-12-12,101.008708,1.0,0.029677,0.029677,0.985856,1.006199
2022-12-13,101.557521,1.0,0.005433,0.005433,0.991212,1.011666
2022-12-14,100.898038,1.0,-0.006494,-0.006494,0.984776,1.005097
2022-12-15,101.483015,1.0,0.005798,0.005798,0.990485,1.010924
2022-12-16,99.6197,1.0,-0.018361,-0.018361,0.972299,0.992362
2022-12-19,99.284757,1.0,-0.003362,-0.003362,0.96903,0.989026
2022-12-20,99.42323,1.0,0.001395,0.001395,0.970381,0.990405
2022-12-21,99.340424,1.0,-0.000833,-0.000833,0.969573,0.98958
2022-12-22,100.307679,1.0,0.009737,0.009737,0.979014,0.999216
2022-12-23,100.743532,0.0,-0.001,0.004345,0.978035,1.003558
2022-12-26,101.575047,0.0,0.0,0.008254,0.978035,1.011841
2022-12-27,100.759596,0.0,-0.0,-0.008028,0.978035,1.003718
2022-12-28,101.871399,0.0,0.0,0.011034,0.978035,1.014793
2022-12-29,103.903073,0.0,0.0,0.019944,0.978035,1.035031
2022-12-30,102.72101,0.0,-0.0,-0.011377,0.978035,1.023256
2023-01-02,101.652926,0.0,-0.0,-0.010398,0.978035,1.012616
2023-01-03,103.316154,0.0,0.0,0.016362,0.978035,1.029185
2023-01-04,103.099817,0.0,-0.0,-0.002094,0.978035,1.02703
2023-01-05,104.872305,0.0,0.0,0.017192,0.978035,1.044686
2023-01-06,104.33773,0.0,-0.0,-0.005097,0.978035,1.039361
2023-01-09,106.196759,0.0,0.0,0.017817,0.978035,1.05788
2023-01-10,106.385726,0.0,0.0,0.001779,0.978035,1.059762
2023-01-11,106.737245,0.0,0.0,0.003304,0.978035,1.063264
2023-01-12,108.782098,0.0,0.0,0.019158,0.978035,1.083634
2023-01-13,108.332536,0.0,-0.0,-0.004133,0.978035,1.079155
2023-01-16,107.137394,0.0,-0.0,-0.011032,0.978035,1.06725
2023-01-17,106.583562,0.0,-0.0,-0.005169,0.978035,1.061733
2023-01-18,107.185106,0.0,0.0,0.005644,0.978035,1.067725
2023-01-19,105.211036,0.0,-0.0,-0.018417,0.978035,1.048061
2023-01-20,106.040155,0.0,0.0,0.007881,0.978035,1.05632
2023-01-23,105.377864,1.0,-0.007246,-0.006246,0.970948,1.049722
2023-01-24,106.860724,1.0,0.014072,0.014072,0.984611,1.064494
2023-01-25,103.854951,1.0,-0.028128,-0.028128,0.956916,1.034552
2023-01-26,102.899875,1.0,-0.009196,-0.009196,0.948116,1.025038
2023-01-27,100.858527,1.0,-0.019838,-0.019838,0.929307,1.004703
2023-01-30,99.883455,1.0,-0.009668,-0.009668,0.920323,0.99499
2023-01-31,100.200788,1.0,0.003177,0.003177,0.923247,0.998151
2023-02-01,100.005515,1.0,-0.001949,-0.001949,0.921447,0.996206
2023-02-02,99.721849,1.0,-0.002837,-0.002837,0.918834,0.99338
2023-02-03,99.551449,1.0,-0.001709,-0.001709,0.917264,0.991683
2023-02-06,99.814677,1.0,0.002644,0.002644,0.919689,0.994305
2023-02-07,98.633682,1.0,-0.011832,-0.011832,0.908807,0.98254
2023-02-08,99.493767,1.0,0.00872,0.00872,0.916732,0.991108
2023-02-09,100.308155,1.0,0.008185,0.008185,0.924236,0.999221
2023-02-10,100.792853,1.0,0.004832,0.004832,0.928702,1.004049
2023-02-13,101.488537,1.0,0.006902,0.006902,0.935112,1.010979
2023-02-14,101.870548,1.0,0.003764,0.003764,0.938632,1.014784
2023-02-15,104.409822,1.0,0.024926,0.024926,0.962029,1.040079
2023-02-16,104.321619,1.0,-0.000845,-0.000845,0.961216,1.039201
2023-02-17,103.958691,1.0,-0.003479,-0.003479,0.957872,1.035585
2023-02-20,103.043506,1.0,-0.008803,-0.008803,0.949439,1.026469
2023-02-21,101.79532,1.0,-0.012113,-0.012113,0.937939,1.014035
2023-02-22,100.306498,0.0,-0.001,-0.014626,0.937001,0.999204
2023-02-23,99.262207,0.0,-0.0,-0.010411,0.937001,0.988801
2023-02-24,99.19789,0.0,-0.0,-0.000648,0.937001,0.988161
2023-02-27,99.616547,0.0,0.0,0.00422,0.937001,0.992331
2023-02-28,99.697638,0.0,0.0,0.000814,0.937001,0.993139
2023-03-01,98.805727,0.0,-0.0,-0.008946,0.937001,0.984254
2023-03-02,99.898811,0.0,0.0,0.011063,0.937001,0.995143
2023-03-03,100.809312,0.0,0.0,0.009114,0.937001,1.004213
2023-03-06,100.636494,0.0,-0.0,-0.001714,0.937001,1.002491
2023-03-07,99.87106,0.0,-0.0,-0.007606,0.937001,0.994866
2023-03-08,100.550601,0.0,0.0,0.006804,0.937001,1.001636
2023-03-09,100.797825,0.0,0.0,0.002459,0.937001,1.004098
2023-03-10,99.081154,0.0,-0.0,-0.017031,0.937001,0.986998
2023-03-13,99.020162,0.0,-0.0,-0.000616,0.937001,0.98639
2023-03-14,99.351882,0.0,0.0,0.00335,0.937001,0.989695
2023-03-15,98.304674,0.0,-0.0,-0.01054,0.937001,0.979263
2023-03-16,98.548587,0.0,0.0,0.002481,0.937001,0.981693
2023-03-17,96.86244,0.0,-0.0,-0.01711,0.937001,0.964896
2023-03-20,98.447761,0.0,0.0,0.016367,0.937001,0.980688
2023-03-21,99.953139,0.0,0.0,0.015291,0.937001,0.995684
2023-03-22,99.67065,0.0,-0.0,-0.002826,0.937001,0.99287
2023-03-23,100.126332,1.0,0.003572,0.004572,0.940347,0.997409
2023-03-24,97.291696,1.0,-0.028311,-0.028311,0.913726,0.969172
2023-03-27,95.970175,1.0,-0.013583,-0.013583,0.901314,0.956008
2023-03-28,95.651571,1.0,-0.00332,-0.00332,0.898322,0.952834
2023-03-29,94.447727,0.0,-0.001,-0.012586,0.897424,0.940842
2023-03-30,95.279939,0.0,0.0,0.008811,0.897424,0.949132
2023-03-31,97.610673,0.0,0.0,0.024462,0.897424,0.97235
2023-04-03,96.261406,0.0,-0.0,-0.013823,0.897424,0.958909
2023-04-04,95.317927,0.0,-0.0,-0.009801,0.897424,0.94951
2023-04-05,95.606737,0.0,0.0,0.00303,0.897424,0.952387
2023-04-06,97.49262,0.0,0.0,0.019725,0.897424,0.971174
2023-04-07,96.092204,0.0,-0.0,-0.014364,0.897424,0.957223
2023-04-10,96.399077,0.0,0.0,0.003194,0.897424,0.96028
2023-04-11,98.548835,0.0,0.0,0.022301,0.897424,0.981695
2023-04-12,96.634044,0.0,-0.0,-0.01943,0.897424,0.962621
2023-04-13,95.178899,0.0,-0.0,-0.015058,0.897424,0.948125
2023-04-14,94.715247,0.0,-0.0,-0.004871,0.897424,0.943507
2023-04-17,94.144226,0.0,-0.0,-0.006029,0.897424,0.937818
2023-04-18,95.085753,0.0,0.0,0.010001,0.897424,0.947198
2023-04-19,95.380968,0.0,0.0,0.003105,0.897424,0.950138
2023-04-20,93.389556,0.0,-0.0,-0.020879,0.897424,0.930301
2023-04-21,93.987749,0.0,0.0,0.006405,0.897424,0.93626
2023-04-24,93.357291,0.0,-0.0,-0.006708,0.897424,0.929979
2023-04-25,94.814973,0.0,0.0,0.015614,0.897424,0.9445
2023-04-26,94.122421,0.0,-0.0,-0.007304,0.897424,0.937601
2023-04-27,93.424807,0.0,-0.0,-0.007412,0.897424,0.930652
2023-04-28,94.052251,0.0,0.0,0.006716,0.897424,0.936902
2023-05-01,94.936249,0.0,0.0,0.009399,0.897424,0.945708
2023-05-02,95.467206,0.0,0.0,0.005593,0.897424,0.950997
2023-05-03,93.574286,0.0,-0.0,-0.019828,0.897424,0.932141
2023-05-04,94.199233,0.0,0.0,0.006679,0.897424,0.938366
2023-05-05,93.055896,0.0,-0.0,-0.012137,0.897424,0.926977
2023-05-08,93.337659,0.0,0.0,0.003028,0.897424,0.929784
2023-05-09,91.7749,0.0,-0.0,-0.016743,0.897424,0.914216
2023-05-10,92.286209,0.0,0.0,0.005571,0.897424,0.91931
2023-05-11,91.415543,0.0,-0.0,-0.009434,0.897424,0.910637
2023-05-12,90.037289,0.0,-0.0,-0.015077,0.897424,0.896907
2023-05-15,90.830011,0.0,0.0,0.008804,0.897424,0.904804
2023-05-16,91.111997,0.0,0.0,0.003105,0.897424,0.907613
2023-05-17,90.461266,0.0,-0.0,-0.007142,0.897424,0.901131
2023-05-18,92.06878,0.0,0.0,0.01777,0.897424,0.917144
2023-05-19,91.60154,0.0,-0.0,-0.005075,0.897424,0.912489
2023-05-22,91.655169,0.0,0.0,0.000585,0.897424,0.913024
2023-05-23,91.969806,0.0,0.0,0.003433,0.897424,0.916158
2023-05-24,91.306716,0.0,-0.0,-0.00721,0.897424,0.909553
2023-05-25,91.842759,0.0,0.0,0.005871,0.897424,0.914892
2023-05-26,91.274965,0.0,-0.0,-0.006182,0.897424,0.909236
2023-05-29,90.843377,0.0,-0.0,-0.004728,0.897424,0.904937
2023-05-30,92.359503,0.0,0.0,0.016689,0.897424,0.92004
2023-05-31,91.231622,0.0,-0.0,-0.012212,0.897424,0.908805
2023-06-01,88.64576,0.0,-0.0,-0.028344,0.897424,0.883045
2023-06-02,90.39414,0.0,0.0,0.019723,0.897424,0.900462
2023-06-05,93.220848,0.0,0.0,0.031271,0.897424,0.92862
2023-06-06,92.787149,0.0,-0.0,-0.004652,0.897424,0.9243
2023-06-07,90.673586,0.0,-0.0,-0.022779,0.897424,0.903246
2023-06-08,90.354452,0.0,-0.0,-0.00352,0.897424,0.900067
2023-06-09,90.062657,0.0,-0.0,-0.003229,0.897424,0.89716
2023-06-12,89.875603,0.0,-0.0,-0.002077,0.897424,0.895297
2023-06-13,88.70053,0.0,-0.0,-0.013074,0.897424,0.883591
2023-06-14,89.337435,0.0,0.0,0.00718,0.897424,0.889936
2023-06-15,89.919488,0.0,0.0,0.006515,0.897424,0.895734
2023-06-16,88.339012,0.0,-0.0,-0.017577,0.897424,0.87999
2023-06-19,89.101145,0.0,0.0,0.008627,0.897424,0.887582
2023-06-20,91.341425,0.0,0.0,0.025143,0.897424,0.909898
2023-06-21,91.548412,0.0,0.0,0.002266,0.897424,0.91196
2023-06-22,91.19682,0.0,-0.0,-0.003841,0.897424,0.908458
2023-06-23,91.059759,0.0,-0.0,-0.001503,0.897424,0.907093
2023-06-26,91.752898,0.0,0.0,0.007612,0.897424,0.913997
2023-06-27,89.884994,0.0,-0.0,-0.020358,0.897424,0.89539
2023-06-28,90.080499,0.0,0.0,0.002175,0.897424,0.897338
2023-06-29,89.677341,0.0,-0.0,-0.004476,0.897424,0.893322
2023-06-30,91.706387,0.0,0.0,0.022626,0.897424,0.913534
2023-07-03,91.533219,0.0,-0.0,-0.001888,0.897424,0.911809
2023-07-04,93.40236,0.0,0.0,0.02042,0.897424,0.930428
2023-07-05,92.191849,0.0,-0.0,-0.01296,0.897424,0.91837
2023-07-06,92.8624,0.0,0.0,0.007273,0.897424,0.92505
2023-07-07,93.237652,0.0,0.0,0.004041,0.897424,0.928788
2023-07-10,92.288826,0.0,-0.0,-0.010176,0.897424,0.919336
2023-07-11,92.503994,0.0,0.0,0.002331,0.897424,0.921479
2023-07-12,93.878561,0.0,0.0,0.01486,0.897424,0.935172
2023-07-13,93.533209,0.0,-0.0,-0.003679,0.897424,0.931732
2023-07-14,91.671634,0.0,-0.0,-0.019903,0.897424,0.913188
2023-07-17,91.670648,1.0,-0.001011,-1.1e-05,0.896517,0.913178
2023-07-18,90.701434,0.0,-0.001,-0.010573,0.89562,0.903523
2023-07-19,90.347656,0.0,-0.0,-0.0039,0.89562,0.899999
2023-07-20,90.277298,0.0,-0.0,-0.000779,0.89562,0.899298
2023-07-21,88.465991,0.0,-0.0,-0.020064,0.89562,0.881255
2023-07-24,86.784696,1.0,-0.020005,-0.019005,0.877704,0.864506
2023-07-25,87.305643,1.0,0.006003,0.006003,0.882972,0.869696
2023-07-26,86.777075,1.0,-0.006054,-0.006054,0.877626,0.864431
2023-07-27,84.163854,1.0,-0.030114,-0.030114,0.851197,0.838399
2023-07-28,84.977258,1.0,0.009665,0.009665,0.859424,0.846502
2023-07-31,85.272508,1.0,0.003474,0.003474,0.86241,0.849443
2023-08-01,84.562052,1.0,-0.008332,-0.008332,0.855225,0.842366
2023-08-02,83.252957,1.0,-0.015481,-0.015481,0.841985,0.829325
2023-08-03,84.10898,1.0,0.010282,0.010282,0.850642,0.837852
2023-08-04,84.479217,0.0,-0.001,0.004402,0.849792,0.84154
2023-08-07,86.946829,0.0,0.0,0.02921,0.849792,0.866122
2023-08-08,87.403824,0.0,0.0,0.005256,0.849792,0.870674
2023-08-09,87.828976,0.0,0.0,0.004864,0.849792,0.874909
2023-08-10,87.670752,0.0,-0.0,-0.001802,0.849792,0.873333
2023-08-11,88.551973,0.0,0.0,0.010051,0.849792,0.882111
2023-08-14,89.236547,0.0,0.0,0.007731,0.849792,0.888931
2023-08-15,90.605179,0.0,0.0,0.015337,0.849792,0.902564
2023-08-16,90.058143,0.0,-0.0,-0.006038,0.849792,0.897115
2023-08-17,89.606746,0.0,-0.0,-0.005012,0.849792,0.892618
2023-08-18,89.110874,0.0,-0.0,-0.005534,0.849792,0.887679
2023-08-21,89.978521,0.0,0.0,0.009737,0.849792,0.896322
2023-08-22,91.629336,0.0,0.0,0.018347,0.849792,0.912766
2023-08-23,91.144431,0.0,-0.0,-0.005292,0.849792,0.907936
2023-08-24,90.699162,0.0,-0.0,-0.004885,0.849792,0.9035
2023-08-25,91.059855,0.0,0.0,0.003977,0.849792,0.907093
2023-08-28,90.809863,0.0,-0.0,-0.002745,0.849792,0.904603
2023-08-29,91.871655,0.0,0.0,0.011692,0.849792,0.91518
2023-08-30,89.440287,0.0,-0.0,-0.026465,0.849792,0.89096
2023-08-31,88.575098,0.0,-0.0,-0.009673,0.849792,0.882342
2023-09-01,87.76491,0.0,-0.0,-0.009147,0.849792,0.874271
2023-09-04,85.371941,0.0,-0.0,-0.027266,0.849792,0.850433
2023-09-05,84.407295,0.0,-0.0,-0.011299,0.849792,0.840824
2023-09-06,83.502114,0.0,-0.0,-0.010724,0.849792,0.831807
2023-09-07,83.317507,0.0,-0.0,-0.002211,0.849792,0.829968
2023-09-08,84.454615,0.0,0.0,0.013648,0.849792,0.841295
2023-09-11,84.223465,0.0,-0.0,-0.002737,0.849792,0.838993
2023-09-12,83.204697,1.0,-0.013096,-0.012096,0.838663,0.828844
2023-09-13,83.164481,1.0,-0.000483,-0.000483,0.838258,0.828444
2023-09-14,84.234993,1.0,0.012872,0.012872,0.849048,0.839108
2023-09-15,83.270881,1.0,-0.011446,-0.011446,0.83933,0.829504
2023-09-18,82.382416,1.0,-0.01067,-0.01067,0.830375,0.820653
2023-09-19,82.953035,1.0,0.006926,0.006926,0.836126,0.826337
2023-09-20,82.749351,1.0,-0.002455,-0.002455,0.834073,0.824308
2023-09-21,83.411483,1.0,0.008002,0.008002,0.840747,0.830904
2023-09-22,83.414506,1.0,3.6e-05,3.6e-05,0.840778,0.830934
2023-09-25,84.136644,1.0,0.008657,0.008657,0.848057,0.838128
2023-09-26,83.114673,1.0,-0.012147,-0.012147,0.837756,0.827947
2023-09-27,83.119243,0.0,-0.001,5.5e-05,0.836918,0.827993
2023-09-28,82.925943,0.0,-0.0,-0.002326,0.836918,0.826067
2023-09-29,81.741127,0.0,-0.0,-0.014288,0.836918,0.814265
2023-10-02,80.237865,0.0,-0.0,-0.018391,0.836918,0.79929
2023-10-03,80.917047,0.0,0.0,0.008465,0.836918,0.806056
2023-10-04,80.593104,0.0,-0.0,-0.004003,0.836918,0.802829
2023-10-05,79.626403,0.0,-0.0,-0.011995,0.836918,0.793199
2023-10-06,79.550464,0.0,-0.0,-0.000954,0.836918,0.792443
2023-10-09,80.650726,0.0,0.0,0.013831,0.836918,0.803403
2023-10-10,78.489037,0.0,-0.0,-0.026803,0.836918,0.781869
2023-10-11,77.107403,0.0,-0.0,-0.017603,0.836918,0.768106
2023-10-12,76.273431,0.0,-0.0,-0.010816,0.836918,0.759798
2023-10-13,77.63814,0.0,0.0,0.017892,0.836918,0.773393
2023-10-16,77.917443,0.0,0.0,0.003597,0.836918,0.776175
2023-10-17,78.653934,0.0,0.0,0.009452,0.836918,0.783512
2023-10-18,77.600644,0.0,-0.0,-0.013391,0.836918,0.773019
2023-10-19,76.580409,0.0,-0.0,-0.013147,0.836918,0.762856
2023-10-20,77.008442,0.0,0.0,0.005589,0.836918,0.76712
2023-10-23,77.077726,0.0,0.0,0.0009,0.836918,0.76781
2023-10-24,77.602467,0.0,0.0,0.006808,0.836918,0.773038
2023-10-25,77.443386,0.0,-0.0,-0.00205,0.836918,0.771453
2023-10-26,77.717844,0.0,0.0,0.003544,0.836918,0.774187
2023-10-27,77.881023,0.0,0.0,0.0021,0.836918,0.775812
2023-10-30,78.627029,0.0,0.0,0.009579,0.836918,0.783244
2023-10-31,79.40804,0.0,0.0,0.009933,0.836918,0.791024
2023-11-01,77.894953,0.0,-0.0,-0.019055,0.836918,0.775951
2023-11-02,75.837579,0.0,-0.0,-0.026412,0.836918,0.755457
2023-11-03,76.770072,0.0,0.0,0.012296,0.836918,0.764746
2023-11-06,77.887664,0.0,0.0,0.014558,0.836918,0.775879
2023-11-07,76.954944,0.0,-0.0,-0.011975,0.836918,0.766587
2023-11-08,75.271538,0.0,-0.0,-0.021875,0.836918,0.749818
2023-11-09,75.376119,0.0,0.0,0.001389,0.836918,0.75086
2023-11-10,76.23804,0.0,0.0,0.011435,0.836918,0.759446
2023-11-13,77.916029,0.0,0.0,0.02201,0.836918,0.776161
2023-11-14,78.415943,0.0,0.0,0.006416,0.836918,0.781141
2023-11-15,78.082555,0.0,-0.0,-0.004252,0.836918,0.77782
2023-11-16,77.26562,0.0,-0.0,-0.010462,0.836918,0.769682
